{
    "happy": [
        {
            "title": "Happy - Pharrell Williams",
            "artist": "Pharrell Williams",
            "youtubeId": "ZbZSe6N_BXs"
        },
        {
            "title": "Udd Gaye",
            "artist": "Ritviz",
            "youtubeId": "pXRviuL6vMY"
        },
        {
            "title": "Can't Stop the Feeling!",
            "artist": "Justin Timberlake",
            "youtubeId": "ru0K8uYEZWw"
        },
        {
            "title": "Good Life",
            "artist": "OneRepublic",
            "youtubeId": "j5-yKhDd64s"
        },
        {
            "title": "Walking on Sunshine",
            "artist": "Katrina & The Waves",
            "youtubeId": "iPUmE-tne5U"
        },
        {
            "title": "I Gotta Feeling",
            "artist": "The Black Eyed Peas",
            "youtubeId": "uSD4vsh1zBA"
        },
        {
            "title": "Shake It Off",
            "artist": "Taylor Swift",
            "youtubeId": "nzW_7FDrLHQ"
        },
        {
            "title": "Best Day of My Life",
            "artist": "American Authors",
            "youtubeId": "Y66j_BUCBMY"
        },
        {
            "title": "Count on Me",
            "artist": "Bruno Mars",
            "youtubeId": "6k8cpUkKK8c"
        },
        {
            "title": "Don't Stop Believin'",
            "artist": "Journey",
            "youtubeId": "1k8craCGpgs"
        }
    ],
    "sad": [
        {
            "title": "Someone Like You",
            "artist": "Adele",
            "youtubeId": "hLQl3WQQoQ0"
        },
        {
            "title": "Channa Mereya",
            "artist": "Arijit Singh",
            "youtubeId": "284Ov7ysmfA"
        }
    ],
    "energetic": [
        {
            "title": "Believer",
            "artist": "Imagine Dragons",
            "youtubeId": "7wtfhZwyrcc"
        },
        {
            "title": "Zinda",
            "artist": "Siddharth Mahadevan",
            "youtubeId": "Mdr08fCSYig"
        }
    ],
    "chill": [
        {
            "title": "lofi hip hop radio - beats to relax/study to",
            "artist": "Lofi Girl",
            "youtubeId": "jfKfPfyJRdk"
        },
        {
            "title": "Khaabon Ke Parinday",
            "artist": "Shankar-Ehsaan-Loy",
            "youtubeId": "nD1X3x4h2o0"
        }
    ],
    "romantic": [
        {
            "title": "Perfect",
            "artist": "Ed Sheeran",
            "youtubeId": "2Vv-BfVoq4g"
        },
        {
            "title": "Raabta",
            "artist": "Arijit Singh",
            "youtubeId": "vLZ5cxS9OGo"
        }
    ]
}